{
    "fps": 4.229913329494178,
    "total_runtime_seconds": 14.657510726682924
}