{
    "fps": 30.822910053413477,
    "total_runtime_seconds": 41.624882198879675
}