{
    "fps": 2.210872584984958,
    "total_runtime_seconds": 445.5254484991959
}