{
    "fps": 36.848970809025516,
    "total_runtime_seconds": 34.817797399262815
}