{
    "fps": 33.74377005715417,
    "total_runtime_seconds": 38.0218332992103
}