{
    "fps": 9.386954286296548,
    "total_runtime_seconds": 20.453918719971746
}