{
    "fps": 33.42022591939212,
    "total_runtime_seconds": 2.3039940000920422
}