{
    "fps": 0.546511608206929,
    "total_runtime_seconds": 3.659574600001411
}