{
    "fps": 31.43813760516437,
    "total_runtime_seconds": 39.060837999458194
}