{
    "fps": 33.24866008102405,
    "total_runtime_seconds": 38.58802119764954
}