{
    "fps": 34.05240665537592,
    "total_runtime_seconds": 37.67721949830087
}