{
    "fps": 31.61085769701807,
    "total_runtime_seconds": 40.58732010049283
}