{
    "fps": 33.03055326106324,
    "total_runtime_seconds": 38.84282500082776
}