{
    "fps": 33.96404565897396,
    "total_runtime_seconds": 37.77524070254589
}