{
    "fps": 35.63258528728972,
    "total_runtime_seconds": 36.006368599295854
}