{
    "fps": 33.98678593631533,
    "total_runtime_seconds": 37.749965601457404
}