{
    "fps": 35.21659969779908,
    "total_runtime_seconds": 36.43168309858669
}