{
    "fps": 15.838096640751687,
    "total_runtime_seconds": 73.49367960067933
}