{
    "fps": 34.63455351082003,
    "total_runtime_seconds": 37.0439306976827
}