{
    "fps": 29.298105288767054,
    "total_runtime_seconds": 27.06659670255324
}