{
    "fps": 4.2060330328445605,
    "total_runtime_seconds": 142.65223199976086
}