{
    "fps": 33.29238370210358,
    "total_runtime_seconds": 38.53734269916316
}