{
    "fps": 32.1503091248031,
    "total_runtime_seconds": 39.906303700520255
}