{
    "fps": 32.70057716671989,
    "total_runtime_seconds": 39.23478149816077
}