{
    "fps": 33.115214453431406,
    "total_runtime_seconds": 38.74352080081593
}