{
    "fps": 33.12618426011226,
    "total_runtime_seconds": 38.73069080114004
}