{
    "fps": 32.73086717014319,
    "total_runtime_seconds": 16.77315780074391
}