{
    "fps": 33.357016815252535,
    "total_runtime_seconds": 38.462672100022644
}