{
    "fps": 1.8085448281314946,
    "total_runtime_seconds": 33.728774123349986
}