{
    "fps": 35.251235554445756,
    "total_runtime_seconds": 36.39588740140465
}