{
    "fps": 35.45445520697832,
    "total_runtime_seconds": 36.187271599860146
}