{
    "fps": 4.092547225947242,
    "total_runtime_seconds": 7.330398000002637
}