{
    "fps": 35.01817443043412,
    "total_runtime_seconds": 36.63811780219334
}