{
    "fps": 4.1902788881890345,
    "total_runtime_seconds": 7.159428000021611
}