{
    "fps": 34.86008903036554,
    "total_runtime_seconds": 36.80426630243022
}