{
    "fps": 32.84255607083076,
    "total_runtime_seconds": 39.06516889955168
}