{
    "fps": 36.23726712944514,
    "total_runtime_seconds": 35.405539700798215
}