{
    "fps": 8.817063910682807,
    "total_runtime_seconds": 103.09554395978124
}