{
    "fps": 35.78726617512926,
    "total_runtime_seconds": 35.85074069982005
}