{
    "fps": 10.793133408447124,
    "total_runtime_seconds": 63.2809745004595
}