{
    "fps": 35.69006745310139,
    "total_runtime_seconds": 35.94837700113425
}