{
    "fps": 50.68500788830468,
    "total_runtime_seconds": 16.928082597733585
}