{
    "fps": 35.62522265769302,
    "total_runtime_seconds": 36.01380999994803
}