{
    "fps": 34.77813290110756,
    "total_runtime_seconds": 36.890997100052516
}