{
    "fps": 31.969616076617626,
    "total_runtime_seconds": 40.13185510033003
}