{
    "fps": 14.157688332844913,
    "total_runtime_seconds": 69.50287199903845
}