{
    "fps": 35.72219563136261,
    "total_runtime_seconds": 35.91604539765689
}