{
    "fps": 8.39368814794092,
    "total_runtime_seconds": 117.23094576028392
}