{
    "fps": 31.437841102349854,
    "total_runtime_seconds": 40.810690397697215
}