{
    "fps": 29.849944329313484,
    "total_runtime_seconds": 27.23623170049303
}