{
    "fps": 14.694342972247926,
    "total_runtime_seconds": 71.04774959804072
}