{
    "fps": 9.79443409081379,
    "total_runtime_seconds": 100.46522248007108
}